{"cameraMode":{"drawMode":0,"name":"Shaded","section":"Shading Mode"},"sceneLighting":false,"audioPlay":false,"sceneViewState":{"showFog":true,"showMaterialUpdate":false,"showSkybox":true,"showFlares":true,"showImageEffects":true,"showParticleSystems":true},"in2DMode":false,"pivot":{"x":-35.773658752441409,"y":-29.817073822021486,"z":90.0},"rotation":{"x":-0.004497535992413759,"y":0.03299368917942047,"z":0.0001484726381022483,"w":0.9994455575942993},"size":97.78731536865235,"orthographic":true}